[
  {
    "id": "51eb32dc-8899-4991-8d9f-eea1a92a51c1",
    "data": [
      {
        "text": "i would like to reserve a ",
        "userDefined": false
      },
      {
        "text": "vip",
        "meta": "@roomtype",
        "alias": "roomtype",
        "userDefined": true
      },
      {
        "text": " room",
        "userDefined": false
      }
    ],
    "isTemplate": false,
    "count": 0,
    "lang": "en",
    "updated": 0
  },
  {
    "id": "2b31b97e-37b7-4af6-b20b-99928fd8a9da",
    "data": [
      {
        "text": "i prefer the ",
        "userDefined": false
      },
      {
        "text": "ac",
        "meta": "@roomtype",
        "alias": "roomtype",
        "userDefined": true
      },
      {
        "text": " room the most",
        "userDefined": false
      }
    ],
    "isTemplate": false,
    "count": 0,
    "lang": "en",
    "updated": 0
  },
  {
    "id": "eed72f73-7366-40e7-be84-7cef0613c5e1",
    "data": [
      {
        "text": "my email is ",
        "userDefined": false
      },
      {
        "text": "abc@abc",
        "meta": "@sys.email",
        "alias": "email",
        "userDefined": true
      },
      {
        "text": ".com",
        "userDefined": false
      }
    ],
    "isTemplate": false,
    "count": 0,
    "lang": "en",
    "updated": 0
  },
  {
    "id": "d204a01c-23a9-4a72-860f-7631ea9a8030",
    "data": [
      {
        "text": "book hotel for ",
        "userDefined": false
      },
      {
        "text": "3",
        "meta": "@sys.number",
        "alias": "person",
        "userDefined": false
      },
      {
        "text": " persons",
        "userDefined": false
      }
    ],
    "isTemplate": false,
    "count": 0,
    "lang": "en",
    "updated": 0
  },
  {
    "id": "a2676ab6-5878-4027-b693-dba8b0e1d5ab",
    "data": [
      {
        "text": "my name is ",
        "userDefined": false
      },
      {
        "text": "shivani",
        "meta": "@sys.person",
        "alias": "name",
        "userDefined": false
      }
    ],
    "isTemplate": false,
    "count": 0,
    "lang": "en",
    "updated": 0
  },
  {
    "id": "36c50c87-c797-4430-84fe-e4a3b331b7ce",
    "data": [
      {
        "text": "i want to reserve hotel room",
        "userDefined": false
      }
    ],
    "isTemplate": false,
    "count": 0,
    "lang": "en",
    "updated": 0
  },
  {
    "id": "f87f4554-af3c-44f5-9287-cdbd01b1bfc0",
    "data": [
      {
        "text": "i need room",
        "userDefined": false
      }
    ],
    "isTemplate": false,
    "count": 0,
    "lang": "en",
    "updated": 0
  },
  {
    "id": "420a01c3-a2f1-4759-b539-e0122f9377f3",
    "data": [
      {
        "text": "i want to book a room",
        "userDefined": false
      }
    ],
    "isTemplate": false,
    "count": 0,
    "lang": "en",
    "updated": 0
  }
]