[
  {
    "id": "f7ff7579-3d16-4c3f-ac55-2565996ce09c",
    "data": [
      {
        "text": "i want to know my room booking status",
        "userDefined": false
      }
    ],
    "isTemplate": false,
    "count": 0,
    "lang": "en",
    "updated": 0
  },
  {
    "id": "5a381abc-5c85-4bcb-b067-5b597cad5c46",
    "data": [
      {
        "text": "can I have my booking details",
        "userDefined": false
      }
    ],
    "isTemplate": false,
    "count": 0,
    "lang": "en",
    "updated": 0
  },
  {
    "id": "d95189f2-b318-4844-9833-0cb88ece3dbd",
    "data": [
      {
        "text": "show me my booking details",
        "userDefined": false
      }
    ],
    "isTemplate": false,
    "count": 0,
    "lang": "en",
    "updated": 0
  }
]