[
  {
    "id": "566aab6d-f50a-4a55-8101-697dda41b50a",
    "data": [
      {
        "text": "can I have ",
        "userDefined": false
      },
      {
        "text": "two",
        "meta": "@sys.number",
        "alias": "number",
        "userDefined": false
      },
      {
        "text": " pizzas?",
        "userDefined": false
      }
    ],
    "isTemplate": false,
    "count": 0,
    "lang": "en",
    "updated": 0
  },
  {
    "id": "04622b19-dc72-40c9-8a41-87fd2c2f4bad",
    "data": [
      {
        "text": "can i have a ",
        "userDefined": false
      },
      {
        "text": "cheese",
        "meta": "@pizza_toppings",
        "alias": "pizza_toppings",
        "userDefined": true
      },
      {
        "text": " pizza?",
        "userDefined": false
      }
    ],
    "isTemplate": false,
    "count": 0,
    "lang": "en",
    "updated": 0
  },
  {
    "id": "86453160-0ea1-490a-a997-74620eb59fda",
    "data": [
      {
        "text": "i need my pizza by ",
        "userDefined": false
      },
      {
        "text": "10 pm",
        "meta": "@sys.date-time",
        "alias": "date-time",
        "userDefined": false
      }
    ],
    "isTemplate": false,
    "count": 0,
    "lang": "en",
    "updated": 0
  },
  {
    "id": "611638e3-72b4-4702-b86d-d6eeb1ef0704",
    "data": [
      {
        "text": "i want a ",
        "userDefined": false
      },
      {
        "text": "large",
        "meta": "@size",
        "alias": "size",
        "userDefined": true
      },
      {
        "text": " size pizza",
        "userDefined": false
      }
    ],
    "isTemplate": false,
    "count": 0,
    "lang": "en",
    "updated": 0
  },
  {
    "id": "ce80f0a9-b1d1-48f3-bb28-dfe474eeb325",
    "data": [
      {
        "text": "i want a pizza",
        "userDefined": false
      }
    ],
    "isTemplate": false,
    "count": 0,
    "lang": "en",
    "updated": 0
  },
  {
    "id": "280a599f-03d1-421b-985b-0bc0ab83feec",
    "data": [
      {
        "text": "can i have a pizza?",
        "userDefined": false
      }
    ],
    "isTemplate": false,
    "count": 0,
    "lang": "en",
    "updated": 0
  }
]