[
  {
    "value": "Cheese",
    "synonyms": [
      "Cheese"
    ]
  },
  {
    "value": "Sausage",
    "synonyms": [
      "Sausage"
    ]
  },
  {
    "value": "Pepperoni",
    "synonyms": [
      "Pepperoni"
    ]
  },
  {
    "value": "Bacon",
    "synonyms": [
      "Bacon"
    ]
  },
  {
    "value": "Chicken",
    "synonyms": [
      "Chicken"
    ]
  },
  {
    "value": "Mushrooms",
    "synonyms": [
      "Mushrooms"
    ]
  },
  {
    "value": "Pineapple",
    "synonyms": [
      "Pineapple"
    ]
  },
  {
    "value": "Green Pepper",
    "synonyms": [
      "Green Pepper"
    ]
  },
  {
    "value": "Onion",
    "synonyms": [
      "Onion"
    ]
  },
  {
    "value": "Black Olives",
    "synonyms": [
      "Black Olives"
    ]
  }
]