[
  {
    "id": "79acd48f-53eb-447e-8e1d-9e4696a7ead7",
    "data": [
      {
        "text": "444-444-4444",
        "alias": "phone",
        "meta": "@sys.phone-number",
        "userDefined": false
      }
    ],
    "isTemplate": false,
    "count": 0,
    "updated": 0
  },
  {
    "id": "23425e62-f156-4fd5-aa14-4fa9ecef0f03",
    "data": [
      {
        "text": "John Smith",
        "alias": "name",
        "meta": "@sys.given-name",
        "userDefined": true
      }
    ],
    "isTemplate": false,
    "count": 0,
    "updated": 0
  },
  {
    "id": "fe52b3c6-392f-4f22-957c-0667df23b9d7",
    "data": [
      {
        "text": "John",
        "alias": "name",
        "meta": "@sys.given-name",
        "userDefined": true
      },
      {
        "text": " ",
        "userDefined": false
      },
      {
        "text": "555-555-5555",
        "alias": "phone",
        "meta": "@sys.phone-number",
        "userDefined": false
      }
    ],
    "isTemplate": false,
    "count": 0,
    "updated": 0
  }
]