[
  {
    "id": "6b0c1f8e-24b1-4c87-98b6-7d72c5a5ae80",
    "data": [
      {
        "text": "Regular",
        "alias": "crust",
        "meta": "@PizzaCrustStyle",
        "userDefined": true
      },
      {
        "text": " crust pizza with ",
        "userDefined": false
      },
      {
        "text": "mushrooms",
        "alias": "ingredients",
        "meta": "@PizzaIngredient",
        "userDefined": false
      }
    ],
    "isTemplate": false,
    "count": 0,
    "updated": 0
  },
  {
    "id": "45781d80-badf-4bd0-ad43-f1de60edbe0c",
    "data": [
      {
        "text": "i would like a ",
        "userDefined": false
      },
      {
        "text": "small",
        "alias": "size",
        "meta": "@PizzaSize",
        "userDefined": false
      },
      {
        "text": " ",
        "userDefined": false
      },
      {
        "text": "thin",
        "meta": "@sys.ignore",
        "userDefined": false
      },
      {
        "text": " crust pizza with ",
        "userDefined": false
      },
      {
        "text": "pineapple",
        "alias": "ingredients",
        "meta": "@PizzaIngredient",
        "userDefined": false
      },
      {
        "text": " and ",
        "userDefined": false
      },
      {
        "text": "sausage",
        "alias": "ingredients",
        "meta": "@PizzaIngredient",
        "userDefined": false
      }
    ],
    "isTemplate": false,
    "count": 0,
    "updated": 0
  },
  {
    "id": "49c7bf13-ff77-4c31-b364-7cf0352b3ef1",
    "data": [
      {
        "text": "i want a ",
        "userDefined": false
      },
      {
        "text": "small",
        "alias": "size",
        "meta": "@PizzaSize",
        "userDefined": false
      },
      {
        "text": " pizza with ",
        "userDefined": false
      },
      {
        "text": "sausage",
        "alias": "ingredients",
        "meta": "@PizzaIngredient",
        "userDefined": false
      },
      {
        "text": " and ",
        "userDefined": false
      },
      {
        "text": "mushrooms",
        "alias": "ingredients",
        "meta": "@PizzaIngredient",
        "userDefined": true
      }
    ],
    "isTemplate": false,
    "count": 0,
    "updated": 0
  },
  {
    "id": "d1e8f428-3681-49fb-8a08-874ba39e644e",
    "data": [
      {
        "text": "Can I have a ",
        "userDefined": false
      },
      {
        "text": "large",
        "alias": "size",
        "meta": "@PizzaSize",
        "userDefined": true
      },
      {
        "text": " ",
        "userDefined": false
      },
      {
        "text": "sausage",
        "alias": "ingredients",
        "meta": "@PizzaIngredient",
        "userDefined": true
      },
      {
        "text": " pizza?",
        "userDefined": false
      }
    ],
    "isTemplate": false,
    "count": 0,
    "updated": 0
  },
  {
    "id": "9849a448-e849-4518-8c97-00c50d562518",
    "data": [
      {
        "text": "pizza order",
        "userDefined": false
      }
    ],
    "isTemplate": false,
    "count": 0,
    "updated": 0
  },
  {
    "id": "af1c4ad9-c82e-4585-aa77-c642bc74accd",
    "data": [
      {
        "text": "I want pizza",
        "userDefined": false
      }
    ],
    "isTemplate": false,
    "count": 0,
    "updated": 0
  },
  {
    "id": "e5d3bd65-7bc1-4380-bf70-c182faa12610",
    "data": [
      {
        "text": "Order a pizza",
        "userDefined": false
      }
    ],
    "isTemplate": false,
    "count": 0,
    "updated": 0
  },
  {
    "id": "887074fb-1924-4d06-9998-119a172b22bf",
    "data": [
      {
        "text": "Can I make a pizza order?",
        "userDefined": false
      }
    ],
    "isTemplate": false,
    "count": 0,
    "updated": 0
  },
  {
    "id": "fff08b62-0819-4bf4-a404-0ef6508c24cb",
    "data": [
      {
        "text": "I want to order a pizza",
        "userDefined": false
      }
    ],
    "isTemplate": false,
    "count": 0,
    "updated": 0
  }
]