[
  {
    "id": "11ae6f0f-5ee9-461c-a37e-9fd6aa89356f",
    "data": [
      {
        "text": "deals",
        "userDefined": false
      }
    ],
    "isTemplate": false,
    "count": 0,
    "updated": 0
  },
  {
    "id": "08a2e264-968a-4b69-9d98-f2dbd5de4c67",
    "data": [
      {
        "text": "do you have a deal of the day",
        "userDefined": false
      }
    ],
    "isTemplate": false,
    "count": 0,
    "updated": 0
  },
  {
    "id": "a7c332a6-853f-4661-bb30-5cb2b315ccb8",
    "data": [
      {
        "text": "specials",
        "userDefined": false
      }
    ],
    "isTemplate": false,
    "count": 0,
    "updated": 0
  },
  {
    "id": "9f01b149-1c02-46bd-89e7-a5ca5ee2b835",
    "data": [
      {
        "text": "Do you have specials",
        "userDefined": false
      }
    ],
    "isTemplate": false,
    "count": 0,
    "updated": 0
  },
  {
    "id": "9d2e6beb-0c53-430a-b3a1-a5d2f49dc6b8",
    "data": [
      {
        "text": "Any pizza specials available",
        "userDefined": false
      }
    ],
    "isTemplate": false,
    "count": 0,
    "updated": 0
  },
  {
    "id": "4100e21d-2fd8-41b3-9715-4fb86e59b69c",
    "data": [
      {
        "text": "Do you have any pizza specials",
        "userDefined": false
      }
    ],
    "isTemplate": false,
    "count": 0,
    "updated": 0
  }
]