[
  {
    "value": "ac",
    "synonyms": [
      "ac"
    ]
  },
  {
    "value": "non ac",
    "synonyms": [
      "non ac"
    ]
  },
  {
    "value": "single room",
    "synonyms": [
      "single room"
    ]
  },
  {
    "value": "double or triple room",
    "synonyms": [
      "double or triple room"
    ]
  },
  {
    "value": "economy",
    "synonyms": [
      "economy",
      "low cost",
      "casual"
    ]
  },
  {
    "value": "standard",
    "synonyms": [
      "standard"
    ]
  },
  {
    "value": "luxury",
    "synonyms": [
      "luxury",
      "cozy",
      "special",
      "vip"
    ]
  }
]